run,total_samples,worker_count,status,api_status,http_status,worker_ids,assigned_samples,gpu_models,client_wall_time_ms,server_wall_time_ms,gpu_inference_time_ms,worker_gpu_times_ms,effective_throughput_images_per_second,output_shapes,error
1,64,1,passed,passed,200,"[""COLAB-GPU-TEST""]",[64],"[""Tesla T4""]",2906.712099997094,2885.689300004742,0.5526619999045579,[0.5526619999045579],22.178409851640932,"[[64, 10]]",
2,64,2,passed,passed,200,"[""COLAB-GPU-TEST"", ""COLAB-GPU-TEST-2""]","[32, 32]","[""Tesla T4"", ""Tesla T4""]",2845.522300005541,2826.874399994267,0.8458980000796146,"[0.4551380000066274, 0.39076000007298717]",22.639845618938637,"[[32, 10], [32, 10]]",
3,64,2,passed,passed,200,"[""COLAB-GPU-TEST"", ""COLAB-GPU-TEST-2""]","[32, 32]","[""Tesla T4"", ""Tesla T4""]",1168.3703000016976,1139.0410000021802,0.7528399999046087,"[0.3072169999995822, 0.4456229999050265]",56.187617478104386,"[[32, 10], [32, 10]]",
4,64,1,passed,passed,200,"[""COLAB-GPU-TEST""]",[64],"[""Tesla T4""]",551.7721999931382,533.8194999931147,0.5312199999707445,[0.5312199999707445],119.89071212427699,"[[64, 10]]",
5,64,1,passed,passed,200,"[""COLAB-GPU-TEST""]",[64],"[""Tesla T4""]",589.9753999983659,561.6548999969382,0.5296529999441191,[0.5296529999441191],113.94897471801437,"[[64, 10]]",
6,64,2,passed,passed,200,"[""COLAB-GPU-TEST"", ""COLAB-GPU-TEST-2""]","[32, 32]","[""Tesla T4"", ""Tesla T4""]",628.4098999894923,598.6537999997381,0.6069190000062008,"[0.3046479999966323, 0.3022710000095685]",106.90652928291443,"[[32, 10], [32, 10]]",
7,64,2,passed,passed,200,"[""COLAB-GPU-TEST"", ""COLAB-GPU-TEST-2""]","[32, 32]","[""Tesla T4"", ""Tesla T4""]",619.3881999934092,593.1841999990866,0.6219360000159213,"[0.31842400005643867, 0.30351199995948264]",107.89228708400958,"[[32, 10], [32, 10]]",
8,64,1,passed,passed,200,"[""COLAB-GPU-TEST""]",[64],"[""Tesla T4""]",511.9771000026958,505.57919999118894,0.5344489999288271,[0.5344489999288271],126.58748619625841,"[[64, 10]]",
9,64,1,passed,passed,200,"[""COLAB-GPU-TEST""]",[64],"[""Tesla T4""]",562.3458000045503,532.4684000079287,0.5491790000178298,[0.5491790000178298],120.19492611964768,"[[64, 10]]",
10,64,2,passed,passed,200,"[""COLAB-GPU-TEST"", ""COLAB-GPU-TEST-2""]","[32, 32]","[""Tesla T4"", ""Tesla T4""]",643.1010000087554,614.2675999872154,0.6342159999803698,"[0.3051099999993312, 0.3291059999810386]",104.18911888130192,"[[32, 10], [32, 10]]",
11,256,1,passed,passed,200,"[""COLAB-GPU-TEST""]",[256],"[""Tesla T4""]",533.8374999992084,527.8833999909693,1.8209700000397788,[1.8209700000397788],484.9555792138557,"[[256, 10]]",
12,256,2,passed,passed,200,"[""COLAB-GPU-TEST"", ""COLAB-GPU-TEST-2""]","[128, 128]","[""Tesla T4"", ""Tesla T4""]",608.866599999601,581.6839000035543,2.0174180000367414,"[1.008081999998467, 1.0093360000382745]",440.1015740652883,"[[128, 10], [128, 10]]",
13,256,2,passed,passed,200,"[""COLAB-GPU-TEST"", ""COLAB-GPU-TEST-2""]","[128, 128]","[""Tesla T4"", ""Tesla T4""]",772.4302999995416,766.0860999894794,2.026600000021972,"[1.014001000044118, 1.012598999977854]",334.1660943900635,"[[128, 10], [128, 10]]",
14,256,1,passed,passed,200,"[""COLAB-GPU-TEST""]",[256],"[""Tesla T4""]",638.2409999932861,632.0087999920361,1.8827320000127656,[1.8827320000127656],405.0576511011015,"[[256, 10]]",
15,256,1,passed,passed,200,"[""COLAB-GPU-TEST""]",[256],"[""Tesla T4""]",565.4305000061868,539.464899993618,1.8434980000847645,[1.8434980000847645],474.54431234178264,"[[256, 10]]",
16,256,2,passed,passed,200,"[""COLAB-GPU-TEST"", ""COLAB-GPU-TEST-2""]","[128, 128]","[""Tesla T4"", ""Tesla T4""]",588.041199996951,583.2916999934241,2.0620710000684994,"[1.0416789999680987, 1.0203920001004008]",438.8884669589608,"[[128, 10], [128, 10]]",
17,256,2,passed,passed,200,"[""COLAB-GPU-TEST"", ""COLAB-GPU-TEST-2""]","[128, 128]","[""Tesla T4"", ""Tesla T4""]",609.309999999823,581.2402000010479,2.018992000103026,"[1.0134650000281908, 1.005527000074835]",440.4375333976185,"[[128, 10], [128, 10]]",
18,256,1,passed,passed,200,"[""COLAB-GPU-TEST""]",[256],"[""Tesla T4""]",563.1340999971144,533.9363000093726,1.8431899999313828,[1.8431899999313828],479.45794282109347,"[[256, 10]]",
19,256,1,passed,passed,200,"[""COLAB-GPU-TEST""]",[256],"[""Tesla T4""]",568.681300006574,541.7847000062466,1.8295040000566587,[1.8295040000566587],472.5124205187936,"[[256, 10]]",
20,256,2,passed,passed,200,"[""COLAB-GPU-TEST"", ""COLAB-GPU-TEST-2""]","[128, 128]","[""Tesla T4"", ""Tesla T4""]",600.0325000059092,579.6560000017053,2.0833590001529956,"[1.0549010000886483, 1.0284580000643473]",441.6412492913847,"[[128, 10], [128, 10]]",
21,1024,1,passed,passed,200,"[""COLAB-GPU-TEST""]",[1024],"[""Tesla T4""]",660.9948000113945,655.3877999976976,6.8175089999158445,[6.8175089999158445],1562.433722451955,"[[1024, 10]]",
22,1024,2,passed,passed,200,"[""COLAB-GPU-TEST"", ""COLAB-GPU-TEST-2""]","[512, 512]","[""Tesla T4"", ""Tesla T4""]",620.961199994781,615.7070000044769,6.996828999945137,"[3.4826810000367914, 3.514147999908346]",1663.1287284252971,"[[512, 10], [512, 10]]",
23,1024,2,passed,passed,200,"[""COLAB-GPU-TEST"", ""COLAB-GPU-TEST-2""]","[512, 512]","[""Tesla T4"", ""Tesla T4""]",654.1178000043146,631.8421000032686,6.984190000025592,"[3.4889130000692603, 3.4952769999563316]",1620.6580726334994,"[[512, 10], [512, 10]]",
24,1024,1,passed,passed,200,"[""COLAB-GPU-TEST""]",[1024],"[""Tesla T4""]",642.5812999950722,638.0726999923354,6.868596999993315,[6.868596999993315],1604.8328035540471,"[[1024, 10]]",
25,1024,1,passed,passed,200,"[""COLAB-GPU-TEST""]",[1024],"[""Tesla T4""]",633.8378000073135,611.4003999973647,6.8182229999820265,[6.8182229999820265],1674.843523171417,"[[1024, 10]]",
26,1024,2,passed,passed,200,"[""COLAB-GPU-TEST"", ""COLAB-GPU-TEST-2""]","[512, 512]","[""Tesla T4"", ""Tesla T4""]",664.5769000024302,639.552199994796,7.003187000009348,"[3.4903459999213737, 3.512841000087974]",1601.1202838616337,"[[512, 10], [512, 10]]",
27,1024,2,passed,passed,200,"[""COLAB-GPU-TEST"", ""COLAB-GPU-TEST-2""]","[512, 512]","[""Tesla T4"", ""Tesla T4""]",670.4721999994945,654.3151000078069,7.104067000000214,"[3.504851000002418, 3.5992159999977957]",1564.9952140609046,"[[512, 10], [512, 10]]",
28,1024,1,passed,passed,200,"[""COLAB-GPU-TEST""]",[1024],"[""Tesla T4""]",714.2177999921842,695.2866000065114,6.814307000013287,[6.814307000013287],1472.7739611124537,"[[1024, 10]]",
29,1024,1,passed,passed,200,"[""COLAB-GPU-TEST""]",[1024],"[""Tesla T4""]",617.5168000045232,610.6702999968547,6.816979000063839,[6.816979000063839],1676.8459183380526,"[[1024, 10]]",
30,1024,2,passed,passed,200,"[""COLAB-GPU-TEST"", ""COLAB-GPU-TEST-2""]","[512, 512]","[""Tesla T4"", ""Tesla T4""]",677.4346000020159,671.5841999975964,7.014636999997492,"[3.4935769999719923, 3.5210600000255]",1524.752964711893,"[[512, 10], [512, 10]]",
31,4096,1,passed,passed,200,"[""COLAB-GPU-TEST""]",[4096],"[""Tesla T4""]",936.4075000048615,930.975600000238,23.646153000072445,[23.646153000072445],4399.685663081775,"[[4096, 10]]",
32,4096,2,passed,passed,200,"[""COLAB-GPU-TEST"", ""COLAB-GPU-TEST-2""]","[2048, 2048]","[""Tesla T4"", ""Tesla T4""]",735.7500999933109,708.5452999890549,28.144621000024017,"[11.91847500001586, 16.226146000008157]",5780.8583305305565,"[[2048, 10], [2048, 10]]",
33,4096,2,passed,passed,200,"[""COLAB-GPU-TEST"", ""COLAB-GPU-TEST-2""]","[2048, 2048]","[""Tesla T4"", ""Tesla T4""]",699.955800009775,694.7140000120271,26.075768000055177,"[12.063569000019925, 14.012199000035253]",5895.951427391831,"[[2048, 10], [2048, 10]]",
34,4096,1,passed,passed,200,"[""COLAB-GPU-TEST""]",[4096],"[""Tesla T4""]",789.1990999924019,782.4728999985382,23.68552800010093,[23.68552800010093],5234.686083067736,"[[4096, 10]]",
35,4096,1,passed,passed,200,"[""COLAB-GPU-TEST""]",[4096],"[""Tesla T4""]",780.0809000036679,751.9787000055658,23.697833000028368,[23.697833000028368],5446.962792921772,"[[4096, 10]]",
36,4096,2,passed,passed,200,"[""COLAB-GPU-TEST"", ""COLAB-GPU-TEST-2""]","[2048, 2048]","[""Tesla T4"", ""Tesla T4""]",743.5232999996515,714.2648000008194,25.482881000016278,"[12.01957700004641, 13.463303999969867]",5734.567908141772,"[[2048, 10], [2048, 10]]",
37,4096,2,passed,passed,200,"[""COLAB-GPU-TEST"", ""COLAB-GPU-TEST-2""]","[2048, 2048]","[""Tesla T4"", ""Tesla T4""]",767.8251000033924,761.3587000087136,25.52879600000324,"[12.064882999993642, 13.463913000009597]",5379.855776197372,"[[2048, 10], [2048, 10]]",
38,4096,1,passed,passed,200,"[""COLAB-GPU-TEST""]",[4096],"[""Tesla T4""]",785.5771999893477,779.6594999963418,23.83398099993883,[23.83398099993883],5253.575439046428,"[[4096, 10]]",
39,4096,1,passed,passed,200,"[""COLAB-GPU-TEST""]",[4096],"[""Tesla T4""]",846.1252999986755,821.1429000075441,23.733807999974488,[23.733807999974488],4988.169537801969,"[[4096, 10]]",
40,4096,2,passed,passed,200,"[""COLAB-GPU-TEST"", ""COLAB-GPU-TEST-2""]","[2048, 2048]","[""Tesla T4"", ""Tesla T4""]",721.5769000031287,717.9772000090452,28.192643000124917,"[12.00140800006011, 16.191235000064808]",5704.916534882163,"[[2048, 10], [2048, 10]]",
