run,status,api_status,http_status,worker_id,gpu,total_samples,client_wall_time_ms,server_wall_time_ms,gpu_inference_time_ms,effective_throughput_images_per_second,output_shape,error
1,passed,passed,200,COLAB-GPU-TEST,Tesla T4,64.0,1360.5977000115672,1353.3747000037692,0.5544850000660517,47.2891949286637,"[64, 10]",
2,passed,passed,200,COLAB-GPU-TEST,Tesla T4,64.0,979.5739999972284,957.1032000094419,0.557678999939526,66.86844219031828,"[64, 10]",
3,passed,passed,200,COLAB-GPU-TEST,Tesla T4,64.0,702.0593999914126,693.8233000109904,0.8000220000212721,92.24250612365745,"[64, 10]",
4,passed,passed,200,COLAB-GPU-TEST,Tesla T4,64.0,658.7822000001324,632.4429999949643,0.5462900003294635,101.19489029131414,"[64, 10]",
5,passed,passed,200,COLAB-GPU-TEST,Tesla T4,64.0,643.8194000074873,622.4006999982521,0.566948000141565,102.82764784837121,"[64, 10]",
6,passed,passed,200,COLAB-GPU-TEST,Tesla T4,64.0,572.2213999979431,550.7933999906527,0.5380719999266148,116.19601832753646,"[64, 10]",
7,passed,passed,200,COLAB-GPU-TEST,Tesla T4,64.0,651.7753999942215,643.8995999924373,0.544712999726471,99.39437763395364,"[64, 10]",
8,passed,passed,200,COLAB-GPU-TEST,Tesla T4,64.0,635.5193000053987,610.5586999910884,0.5455559999063553,104.82202612285131,"[64, 10]",
9,passed,passed,200,COLAB-GPU-TEST,Tesla T4,64.0,611.7535000084899,594.404300005408,0.5337789998520748,107.67082270336489,"[64, 10]",
10,passed,passed,200,COLAB-GPU-TEST,Tesla T4,64.0,574.5002999901772,545.7970999996178,0.5476430001181143,117.25969229232771,"[64, 10]",
