run,status,api_status,http_status,client_wall_time_ms,server_wall_time_ms,total_samples,worker_count,worker_ids,gpu_models,combined_gpu_time_ms,effective_throughput_images_per_second,output_shapes,error
1,passed,passed,200,1391.5448000043398,1384.8066999926232,64.0,2.0,"[""COLAB-GPU-TEST"", ""COLAB-GPU-TEST-2""]","[""Tesla T4"", ""Tesla T4""]",0.7076310002958053,46.21583647764047,"[[32, 10], [32, 10]]",
2,passed,passed,200,1010.3273999993689,1003.7997999897925,64.0,2.0,"[""COLAB-GPU-TEST"", ""COLAB-GPU-TEST-2""]","[""Tesla T4"", ""Tesla T4""]",0.9168209990093601,63.757733365408924,"[[32, 10], [32, 10]]",
3,passed,passed,200,967.540800003917,936.1714000115171,64.0,2.0,"[""COLAB-GPU-TEST"", ""COLAB-GPU-TEST-2""]","[""Tesla T4"", ""Tesla T4""]",0.646690000394301,68.36354966538462,"[[32, 10], [32, 10]]",
4,passed,passed,200,667.9517999873497,653.4189999947557,64.0,2.0,"[""COLAB-GPU-TEST"", ""COLAB-GPU-TEST-2""]","[""Tesla T4"", ""Tesla T4""]",0.7271419999597128,97.94634071019308,"[[32, 10], [32, 10]]",
5,passed,passed,200,1273.413500006427,1253.5508000000846,64.0,2.0,"[""COLAB-GPU-TEST"", ""COLAB-GPU-TEST-2""]","[""Tesla T4"", ""Tesla T4""]",0.6177069999466767,51.05497120658826,"[[32, 10], [32, 10]]",
6,passed,passed,200,673.4529999957886,667.3125000088476,64.0,2.0,"[""COLAB-GPU-TEST"", ""COLAB-GPU-TEST-2""]","[""Tesla T4"", ""Tesla T4""]",0.8435469999312772,95.90709000528456,"[[32, 10], [32, 10]]",
7,passed,passed,200,712.1350999950664,688.4185999952024,64.0,2.0,"[""COLAB-GPU-TEST"", ""COLAB-GPU-TEST-2""]","[""Tesla T4"", ""Tesla T4""]",0.7799969998814049,92.96669206852636,"[[32, 10], [32, 10]]",
8,passed,passed,200,748.7728999985848,741.5870999975596,64.0,2.0,"[""COLAB-GPU-TEST"", ""COLAB-GPU-TEST-2""]","[""Tesla T4"", ""Tesla T4""]",0.6241679993763682,86.3013933227946,"[[32, 10], [32, 10]]",
9,passed,passed,200,1330.7439000054728,1308.2107999944128,64.0,2.0,"[""COLAB-GPU-TEST"", ""COLAB-GPU-TEST-2""]","[""Tesla T4"", ""Tesla T4""]",0.6243780007935129,48.92177927309065,"[[32, 10], [32, 10]]",
10,passed,passed,200,625.9426000033272,620.9590999933425,64.0,2.0,"[""COLAB-GPU-TEST"", ""COLAB-GPU-TEST-2""]","[""Tesla T4"", ""Tesla T4""]",0.7062370004859986,103.06636942865667,"[[32, 10], [32, 10]]",
